Product Name,URL,Price
"HP 15 Intel Core-i3 7th Gen (8GB DDR4/1 TB HDD/Windows 10/Integrated Graphics/2.04 kg),Full HD Laptop, (15.6-inch,Sparkling Black) 15q-ds0026tu",/HP-Integrated-15-6-inch-Sparkling-15q-ds0026tu/dp/B07LGM5G37/ref=sr_1_3?crid=15INFDM7Y2K5T&keywords=laptops+under+40000+rupees&qid=1559462159&s=gateway&sprefix=laptops%2Caps%2C310&sr=8-3,"35,990"
"HP 14Q CS0009TU 2018 14-inch Laptop (7th Gen Core i3 7020U/4GB/1TB/DOS 2.0/Integrated Graphics), Jet Black",/HP-CS0009TU-14-inch-Integrated-Graphics/dp/B07L9SCJMB/ref=sr_1_4?crid=15INFDM7Y2K5T&keywords=laptops+under+40000+rupees&qid=1559462159&s=gateway&sprefix=laptops%2Caps%2C310&sr=8-4,"25,990"
Dell Inspiron 3567 Intel Core i3 7th Gen 15.6-inch FHD Laptop (4GB/1TB HDD/Windows 10 Home/MS Office/Black/2.5kg),/Dell-Inspiron-3567-15-6-inch-Windows/dp/B07GQNFV85/ref=sr_1_5?crid=15INFDM7Y2K5T&keywords=laptops+under+40000+rupees&qid=1559462159&s=gateway&sprefix=laptops%2Caps%2C310&sr=8-5,"29,399"
"HP 14 Core i3 7th gen 14-inch Thin and Light Laptop (4GB /1TB HDD/Windows 10 Home/Smoke Gray /1.59 kg), 14q-cs0006TU",/HP-14-inch-Laptop-Windows-14q-cs0006TU/dp/B07FMVPJ2F/ref=sr_1_6?crid=15INFDM7Y2K5T&keywords=laptops+under+40000+rupees&qid=1559462159&s=gateway&sprefix=laptops%2Caps%2C310&sr=8-6,"29,990"
"Lenovo Ideapad 330s Intel Core i3 8th Gen 14-inch Full HD Thin & Light Laptop (4GB RAM/1TB HDD/Windows 10 Home / Platinum Grey /1.6kg), 81F40196IN",/Lenovo-Ideapad-14-inch-Platinum-81F40196IN/dp/B07NQN2M5S/ref=sr_1_7?crid=15INFDM7Y2K5T&keywords=laptops+under+40000+rupees&qid=1559462159&s=gateway&sprefix=laptops%2Caps%2C310&sr=8-7,"34,000"
"HP 15 AMD E2 15.6-inch Entry Level Laptop (4GB /1TB HDD/Windows 10 Home/Jet Black/2.04 Kgs), 15q-dy0001au",/HP-15-6-inch-Laptop-Windows-15q-dy0001au/dp/B07FC6S8J7/ref=sr_1_8?crid=15INFDM7Y2K5T&keywords=laptops+under+40000+rupees&qid=1559462159&s=gateway&sprefix=laptops%2Caps%2C310&sr=8-8,"21,470"
iBall Excelance OHD IPS Screen with 11.6-inch FHD Display Laptop (8th Gen Intel Atom X5-Z8350/2GB DDR3/32GB/Windows 10/Integrated Graphics) Chocolate Brown,/iBall-Excelance-OHD-11-6-inch-Integrated/dp/B07C26VTMK/ref=sr_1_9?crid=15INFDM7Y2K5T&keywords=laptops+under+40000+rupees&qid=1559462159&s=gateway&sprefix=laptops%2Caps%2C310&sr=8-9,"9,490"
"Lenovo Ideapad 330 Intel Core i5 8th Gen 15.6-inch Full HD Laptop (8GB /1TB HDD/DOS/Onyx Black/ 2.2kg), 81DE01Q6IN",/Lenovo-Ideapad-15-6-inch-Laptop-81DE01Q6IN/dp/B07KTHCXN3/ref=sr_1_10?crid=15INFDM7Y2K5T&keywords=laptops+under+40000+rupees&qid=1559462159&s=gateway&sprefix=laptops%2Caps%2C310&sr=8-10,"39,400"
"Lenovo Ideapad 330s Intel Core i3 8th Gen 14-inch Full HD Thin & Light Laptop (4GB/1TB HDD/Windows 10 Home/Platinum Grey/1.7kg), 81F400GLIN",/Lenovo-Ideapad-330S-Intel-Core/dp/B07F5LNPP3/ref=sr_1_13?crid=15INFDM7Y2K5T&keywords=laptops+under+40000+rupees&qid=1559462159&s=gateway&sprefix=laptops%2Caps%2C310&sr=8-13,"34,380"
Dell Vostro 3478 Intel Core i3 8th Gen 14-inch Laptop (4GB/1TB HDD/Ubuntu/Black/2.25kg),/Dell-Vostro-3478-14-inch-Laptop/dp/B07H7LBXLR/ref=sr_1_14?crid=15INFDM7Y2K5T&keywords=laptops+under+40000+rupees&qid=1559462159&s=gateway&sprefix=laptops%2Caps%2C310&sr=8-14,"27,990"
"ASUS X507 ( Core i3-7th Gen /8 GB/ 1TB HDD / 15.6"" FHD/ Windows 10 ) Thin and Light X507UA- EJ274T ( Icicle Gold /1.68 kg)",/i3-7th-Windows-X507UA-EJ274T-Icicle/dp/B07N8CJG47/ref=sr_1_15?crid=15INFDM7Y2K5T&keywords=laptops+under+40000+rupees&qid=1559462159&s=gateway&sprefix=laptops%2Caps%2C310&sr=8-15,"31,689"
"iBall M500 14-inch Laptop (Intel Celeron N3350/4GB/32GB/Windows 10/Integrated Graphics), Cobalt Blue",/iBall-CompBook-M500-Integrated-Graphics/dp/B07DJLDPF1/ref=sr_1_16?crid=15INFDM7Y2K5T&keywords=laptops+under+40000+rupees&qid=1559462159&s=gateway&sprefix=laptops%2Caps%2C310&sr=8-16,"10,990"
Dell Vostro 3478 Intel Core i3 8th Gen 14-inch Laptop (4GB/1TB HDD/Windows 10 Home/Black/2.25kg),/Dell-Vostro-3478-14-inch-Windows/dp/B07H7RPR9Y/ref=sr_1_17?crid=15INFDM7Y2K5T&keywords=laptops+under+40000+rupees&qid=1559462159&s=gateway&sprefix=laptops%2Caps%2C310&sr=8-17,"29,990"
"Lenovo Ideapad 330 15.6-inch FHD Laptop (Intel Core I3 7th Gen/4GB RAM/1TB HDD/Windows 10 Home/2.2 Kg/Onyx Black), 81DE01K2IN",/Lenovo-Ideapad-15-6-inch-Windows-81DE01K2IN/dp/B07HBJBMDF/ref=sr_1_18?crid=15INFDM7Y2K5T&keywords=laptops+under+40000+rupees&qid=1559462159&s=gateway&sprefix=laptops%2Caps%2C310&sr=8-18,"28,490"
"HP 14 Core i3 7th gen 14-inch Thin and Light Laptop (4GB/1TB HDD/Windows 10 Home/MS Office/Smoke Gray/1.59 kg), 14q-cs0014TU",/HP-14-inch-Laptop-Windows-14q-cs0014TU/dp/B07QSB7379/ref=sr_1_19?crid=15INFDM7Y2K5T&keywords=laptops+under+40000+rupees&qid=1559462159&s=gateway&sprefix=laptops%2Caps%2C310&sr=8-19,"29,990"
AmazonBasics Ventilated Laptop Stand (Black),/AmazonBasics-Ventilated-Laptop-Stand-Black/dp/B00WRDS8H0/ref=sr_1_20?crid=15INFDM7Y2K5T&keywords=laptops+under+40000+rupees&qid=1559462159&s=gateway&sprefix=laptops%2Caps%2C310&sr=8-20,759
"Asus E203 E203MAH-FD005T 11.6-inch Laptop (Celeron N4000/4GB/500GB/Windows 10/Integrated Graphics), Star Grey",/Asus-E203MAH-FD005T-11-6-inch-Integrated-Graphics/dp/B07JBVW8HN/ref=sr_1_19?crid=15INFDM7Y2K5T&keywords=laptops+under+40000+rupees&qid=1559462459&s=gateway&sprefix=laptops%2Caps%2C310&sr=8-19,"19,457"
"Acer One AO-Z422 14-inch Laptop (A4-3350B/4GB/1TB/Linux/Integrated Graphics), Black",/Acer-AO-Z422-A4-3350B-Integrated-Graphics/dp/B07R7CCPLB/ref=sr_1_20?crid=15INFDM7Y2K5T&keywords=laptops+under+40000+rupees&qid=1559462459&s=gateway&sprefix=laptops%2Caps%2C310&sr=8-20,"17,420"
"Lenovo Ideapad 330S AMD A6 14-inch Thin and Light Laptop (4GB/1TB HDD/Windows 10 Home/Platinum Grey/ 1.6kg), 81F8001CIN",/Lenovo-Ideapad-14-inch-Platinum-81F8001CIN/dp/B07FYP2PT4/ref=sr_1_21?crid=15INFDM7Y2K5T&keywords=laptops+under+40000+rupees&qid=1559462459&s=gateway&sprefix=laptops%2Caps%2C310&sr=8-21,"23,990"
"Lenovo Ideapad 330S 81F40165IN 14-inch Laptop (8th Gen Core i3-8130U/4GB/256GB/Windows 10/Integrated Graphics), Platinum Gray",/Lenovo-81F40165IN-i3-8130U-Integrated-Graphics/dp/B07MCD3W7N/ref=sr_1_22?crid=15INFDM7Y2K5T&keywords=laptops+under+40000+rupees&qid=1559462459&s=gateway&sprefix=laptops%2Caps%2C310&sr=8-22,"35,139"
"HP 15 Core i3 7th gen 15.6-inch Laptop (4GB/1TB HDD/Windows 10 Home/Natural Silver/2.04 kg), 15-DA0326TU",/HP-15-6-inch-Windows-Natural-15-DA0326TU/dp/B07FV57FC1/ref=sr_1_23?crid=15INFDM7Y2K5T&keywords=laptops+under+40000+rupees&qid=1559462459&s=gateway&sprefix=laptops%2Caps%2C310&sr=8-23,"31,324"
"Acer Aspire 3 A315-41 15.6-inch Laptop (Ryzen 5/4GB/1TB/Windows 10 Home/Integrated Graphics), Obsidian Black",/Acer-A315-41-15-6-inch-Integrated-Graphics/dp/B07K718T5Z/ref=sr_1_24?crid=15INFDM7Y2K5T&keywords=laptops+under+40000+rupees&qid=1559462459&s=gateway&sprefix=laptops%2Caps%2C310&sr=8-24,"28,899"
Ebee Brown Laptop Table with Drawer,/Ebee-Brown-Wooden-Table-Drawer/dp/B06XN57S3L/ref=sr_1_25?crid=15INFDM7Y2K5T&keywords=laptops+under+40000+rupees&qid=1559462459&s=gateway&sprefix=laptops%2Caps%2C310&sr=8-25,898
"HP 15 Pentium 15.6-inch Laptop (4GB/1TB HDD/Windows 10 Home/Jet Black /2.04 kg), 15q-ds0002TU",/HP-Pentium-15-6-inch-Windows-15q-ds0002TU/dp/B07DYDSWSF/ref=sr_1_26?crid=15INFDM7Y2K5T&keywords=laptops+under+40000+rupees&qid=1559462459&s=gateway&sprefix=laptops%2Caps%2C310&sr=8-26,"22,490"
"HP 15 db0209au 15.6-inch Laptop (A4-9125/4GB/1TB/Windows 10/Integrated Graphics), Jet Black",/HP-db0209au-15-6-inch-Integrated-Graphics/dp/B07MMF8LZ4/ref=sr_1_27?crid=15INFDM7Y2K5T&keywords=laptops+under+40000+rupees&qid=1559462459&s=gateway&sprefix=laptops%2Caps%2C310&sr=8-27,"20,990"
"ASUS VivoBooK Intel Celeron N4000 15.6-inch Laptop (4GB/500GB HDD/Windows 10/Chocolate Black/2 Kg), X540MA-GQ024T",/VivoBooK-Celeron-15-6-inch-Chocolate-X540MA-GQ024T/dp/B07HBK27N1/ref=sr_1_28?crid=15INFDM7Y2K5T&keywords=laptops+under+40000+rupees&qid=1559462459&s=gateway&sprefix=laptops%2Caps%2C310&sr=8-28,"19,990"
"HP 15-da0327tu 2018 15.6-inch Laptop (7th Gen Core i3-7100U/4GB/1TB/Windows 10/MS Office/ Integrated Graphics), Natural Silver",/HP-15-da0327tu-15-6-inch-i3-7100U-Integrated/dp/B07FV3TNLY/ref=sr_1_29?crid=15INFDM7Y2K5T&keywords=laptops+under+40000+rupees&qid=1559462459&s=gateway&sprefix=laptops%2Caps%2C310&sr=8-29,"32,290"
F Gear Luxur Brown 25 Liter Laptop Backpack,/Gear-Luxur-Brown-Laptop-Backpack/dp/B01F7AX9ZA/ref=sr_1_30?crid=15INFDM7Y2K5T&keywords=laptops+under+40000+rupees&qid=1559462459&s=gateway&sprefix=laptops%2Caps%2C310&sr=8-30,903
"Jackly JK-6066-B 33-In-1 Screwdriver Tool Kit For Mobiles, PDA, Laptop",/Jackly-JK-6066-B-Screwdriver-Mobiles-Laptop/dp/B00LLKM0XS/ref=sr_1_31?crid=15INFDM7Y2K5T&keywords=laptops+under+40000+rupees&qid=1559462459&s=gateway&sprefix=laptops%2Caps%2C310&sr=8-31,319
"Popsugar Polly Pocket Learning Laptop, Red",/Popsugar-Polly-Pocket-Learning-Laptop/dp/B07QPG77P8/ref=sr_1_32?crid=15INFDM7Y2K5T&keywords=laptops+under+40000+rupees&qid=1559462459&s=gateway&sprefix=laptops%2Caps%2C310&sr=8-32,187
Storite 3 in 1 Screen Cleaning Kit with Microfiber Cloth and Brush for Electronic Screens (100 ml),/Storite-Cleaning-Microfiber-Electronic-Screens/dp/B077TNHLW8/ref=sr_1_33?crid=15INFDM7Y2K5T&keywords=laptops+under+40000+rupees&qid=1559462459&s=gateway&sprefix=laptops%2Caps%2C310&sr=8-33,199
"Acer Aspire A315-21 15.6-inch Laptop (AMD A-Series Dual-Core A6-9220/4GB/1TB/Windows 10 Home/Integrated Graphics), Obsidian Black",/Acer-A315-21-15-6-inch-Dual-Core-Integrated/dp/B07RR49N98/ref=sr_1_34?crid=15INFDM7Y2K5T&keywords=laptops+under+40000+rupees&qid=1559462459&s=gateway&sprefix=laptops%2Caps%2C310&sr=8-34,"20,490"
"HP 15 Ryzen R3 15.6-inch Full HD Laptop (4GB/1TB HDD/Windows 10 Home/Vega 3 Graphics/MS Office/Natural Silver/2.04 kg), 15-db0186AU",/HP-15-6-inch-Windows-Graphics-15-db0186AU/dp/B07HM7GNSZ/ref=sr_1_35?crid=15INFDM7Y2K5T&keywords=laptops+under+40000+rupees&qid=1559462463&s=gateway&sprefix=laptops%2Caps%2C310&sr=8-35,"30,980"
"Lenovo Ideapad 130 Intel Core i3 6th Gen 15.6-inch HD Laptop (4GB RAM/1TB HDD/DOS/ Black/2.1kg/with ODD), 81H70059IN",/Lenovo-Ideapad-15-6-inch-Laptop-81H70059IN/dp/B07HXYBXCQ/ref=sr_1_36?crid=15INFDM7Y2K5T&keywords=laptops+under+40000+rupees&qid=1559462463&s=gateway&sprefix=laptops%2Caps%2C310&sr=8-36,"25,490"
"Cosmic Byte H1 Gaming Headphone with Mic for PC, Laptops, Mobile, PS4, Xbox One (Red)",/Cosmic-Byte-H1-Headphone-Laptops/dp/B07GB9SMS6/ref=sr_1_37?crid=15INFDM7Y2K5T&keywords=laptops+under+40000+rupees&qid=1559462463&s=gateway&sprefix=laptops%2Caps%2C310&sr=8-37,
Cosmus 50 Ltrs Black Rain & Dust Black Pack Cover,/Cosmus-Ltrs-Black-Rain-Cover/dp/B01E06ZK8G/ref=sr_1_38?crid=15INFDM7Y2K5T&keywords=laptops+under+40000+rupees&qid=1559462463&s=gateway&sprefix=laptops%2Caps%2C310&sr=8-38,275
"(Renewed) HP Elitebook 840G1-i5-8 GB-500 GB 14-inch Laptop (4th Gen Core i5/8GB/500GB/Windows 7/Integrated Graphics), Black",/HP-840G1-i5-8-GB-500-GB-Integrated/dp/B07Q4NJ5W7/ref=sr_1_39?crid=15INFDM7Y2K5T&keywords=laptops+under+40000+rupees&qid=1559462463&s=gateway&sprefix=laptops%2Caps%2C310&sr=8-39,"27,990"
"Acer Aspire 3 UN.GNVSI.009 15.6-inch Laptop (AMD Dual-Core Processor A4-9125/4GB/1TB/Windows 10 Home/Integrated Graphics), Obsidian Black",/Acer-GNVSI-009-15-6-inch-Dual-Core-Integrated/dp/B07MQYZ98N/ref=sr_1_40?crid=15INFDM7Y2K5T&keywords=laptops+under+40000+rupees&qid=1559462463&s=gateway&sprefix=laptops%2Caps%2C310&sr=8-40,"19,100"
Artikel™ Multi-Purpose Laptop Table with Dock Stand | Foldable and Portable | Ergonomic & Rounded Edges | Non-Slip Legs | Engineered Wood (Ebony Wood),/ArtikelTM-Multi-Purpose-Foldable-Ergonomic-Engineered/dp/B07PPFKK9X/ref=sr_1_41?crid=15INFDM7Y2K5T&keywords=laptops+under+40000+rupees&qid=1559462463&s=gateway&sprefix=laptops%2Caps%2C310&sr=8-41,999
"Acer Switch Intel Atom 10.1-inch Thin and Light Laptop (2GB/32GB HDD/Windows 10/Black/1.1 Kg), SW110",/Acer-Switch-10-1-inch-Windows-SW110/dp/B07HCJVHW5/ref=sr_1_42?crid=15INFDM7Y2K5T&keywords=laptops+under+40000+rupees&qid=1559462463&s=gateway&sprefix=laptops%2Caps%2C310&sr=8-42,"12,990"
"Dell Vostro 7th Gen Intel Core i3-7020U (4GB/1TB/ Ubuntu Linux 16.04/ Intel HD Integrated Graphics) 3568 2018 Laptop (15.6-inch, Black)",/Dell-i3-7020U-Integrated-3568-15-6-inch/dp/B07JC3BLY7/ref=sr_1_43?crid=15INFDM7Y2K5T&keywords=laptops+under+40000+rupees&qid=1559462463&s=gateway&sprefix=laptops%2Caps%2C310&sr=8-43,"28,909"
Boya BYM1 Omnidirectional Lavalier Condenser Microphone with 20ft Audio Cable (Black),/Boya-Omnidirectional-Lavalier-Condenser-Microphone/dp/B076B8G5D8/ref=sr_1_44?crid=15INFDM7Y2K5T&keywords=laptops+under+40000+rupees&qid=1559462463&s=gateway&sprefix=laptops%2Caps%2C310&sr=8-44,975
Official Merchandise CelfiDesign Lasts Long ABquotes - Skin for Lenovo Thinkpad X230,/Official-Merchandise-CelfiDesign-Lasts-ABquotes/dp/B07K482M95/ref=sr_1_45?crid=15INFDM7Y2K5T&keywords=laptops+under+40000+rupees&qid=1559462463&s=gateway&sprefix=laptops%2Caps%2C310&sr=8-45,799
Lenovo B515 15.6 inch Laptop Everyday Backpack (Black),/Lenovo-Laptop-Everyday-Backpack-Black/dp/B07GM5NR14/ref=sr_1_46?crid=15INFDM7Y2K5T&keywords=laptops+under+40000+rupees&qid=1559462463&s=gateway&sprefix=laptops%2Caps%2C310&sr=8-46,681
MAONO USB Microphone Kit Plug and Play Podcast Condenser Microphone with Professional Sound Chipset for Laptop PC,/MAONO-Microphone-Podcast-Condenser-Professional/dp/B07GQT8879/ref=sr_1_47?crid=15INFDM7Y2K5T&keywords=laptops+under+40000+rupees&qid=1559462463&s=gateway&sprefix=laptops%2Caps%2C310&sr=8-47,
"iBall Marvel 6 V 2.0 2017 14-inch Laptop (Intel Celeron Processor N3350/3GB/32GB/Windows 10 Home/Integrated Graphics), Metallic Grey",/iBall-Marvel-2-0-Processor-Integrated/dp/B07NHQMRLH/ref=sr_1_48?crid=15INFDM7Y2K5T&keywords=laptops+under+40000+rupees&qid=1559462463&s=gateway&sprefix=laptops%2Caps%2C310&sr=8-48,"10,985"
Gizga Essentials Laptop Power Cable Cord- 3 Pin Adapter Isi Certified(1 Meter/3.3 Feet),/Gizga-Essentials-Laptop-Adapter-Certified/dp/B01IOZUHRS/ref=sr_1_49?crid=15INFDM7Y2K5T&keywords=laptops+under+40000+rupees&qid=1559462463&s=gateway&sprefix=laptops%2Caps%2C310&sr=8-49,189
"Acer Aspire 3 Intel Celeron 15.6-inch FHD Laptop (4GB/500 GB HDD/Windows 10 Home/Obsidian Black/2.1 Kg), A315-33",/Acer-Celeron-15-6-inch-Obsidian-A315-33/dp/B07HBBVPW4/ref=sr_1_50?crid=15INFDM7Y2K5T&keywords=laptops+under+40000+rupees&qid=1559462463&s=gateway&sprefix=laptops%2Caps%2C310&sr=8-50,"18,990"
Logitech M235 Wireless Mouse for Windows and Mac - Black/Grey,/Logitech-M235-Wireless-Mouse-Grey/dp/B004IO5BMQ/ref=sr_1_51?crid=15INFDM7Y2K5T&keywords=laptops+under+40000+rupees&qid=1559462468&s=gateway&sprefix=laptops%2Caps%2C310&sr=8-51,599
HP X1000 Wired Mouse (Black/Grey),/HP-X1000-Wired-Mouse-Black/dp/B009VCGPSY/ref=sr_1_52?crid=15INFDM7Y2K5T&keywords=laptops+under+40000+rupees&qid=1559462468&s=gateway&sprefix=laptops%2Caps%2C310&sr=8-52,289
"Lenovo Ideapad 330 81D600LAIN 15.6-inch Laptop ( A9-9425 /4GB /1TB /Windows 10/ Ms Office 2016), Platinum Grey",/Lenovo-Ideapad-81D600LAIN-15-6-inch-Platinum/dp/B07NNZVXGX/ref=sr_1_53?crid=15INFDM7Y2K5T&keywords=laptops+under+40000+rupees&qid=1559462468&s=gateway&sprefix=laptops%2Caps%2C310&sr=8-53,"22,807"
Vikas gift gallery Sound Toy for Kids ( Educational Laptop),/Vikas-gift-gallery-Educational-Laptop/dp/B07S75CV5L/ref=sr_1_54?crid=15INFDM7Y2K5T&keywords=laptops+under+40000+rupees&qid=1559462468&s=gateway&sprefix=laptops%2Caps%2C310&sr=8-54,225
Quantum QHM6633 4-Port USB Hub (Multicolor),/Quantum-QHM6633-Port-color-vary/dp/B00MFCT3GS/ref=sr_1_55?crid=15INFDM7Y2K5T&keywords=laptops+under+40000+rupees&qid=1559462468&s=gateway&sprefix=laptops%2Caps%2C310&sr=8-55,149
"HP 15 Pentium 15.6-inch Laptop (4GB/1TB HDD/DOS/Jet Black /2.04 kg), 15q-ds0001TU",/HP-Pentium-15-6-inch-Laptop-15q-ds0001TU/dp/B07DYML33H/ref=sr_1_56?crid=15INFDM7Y2K5T&keywords=laptops+under+40000+rupees&qid=1559462468&s=gateway&sprefix=laptops%2Caps%2C310&sr=8-56,"20,990"
"HP 15 AMD Ryzen 3 15.6-inch Laptop (4GB/1TB HDD/Windows 10 Home/Sparkling Black/2.04 kg), dy0004AU",/HP-15-6-inch-Windows-Sparkling-dy0004AU/dp/B07H38T3PG/ref=sr_1_57?crid=15INFDM7Y2K5T&keywords=laptops+under+40000+rupees&qid=1559462468&s=gateway&sprefix=laptops%2Caps%2C310&sr=8-57,"26,890"
Lenovo N100 Wireless Mouse (Black),/Lenovo-N100-Wireless-Mouse-Black/dp/B00J11HG8S/ref=sr_1_58?crid=15INFDM7Y2K5T&keywords=laptops+under+40000+rupees&qid=1559462468&s=gateway&sprefix=laptops%2Caps%2C310&sr=8-58,599
HP Express 27 ltrs 15.6-inch Laptop Backpack (Black),/HP-Express-Backpack-15-6-inch-laptops/dp/B07H5YQ1MS/ref=sr_1_59?crid=15INFDM7Y2K5T&keywords=laptops+under+40000+rupees&qid=1559462468&s=gateway&sprefix=laptops%2Caps%2C310&sr=8-59,649
Logitech M235 Wireless Mouse - Optical Red,/Logitech-M235-Wireless-Mouse-Red/dp/B004QTBPWI/ref=sr_1_60?crid=15INFDM7Y2K5T&keywords=laptops+under+40000+rupees&qid=1559462468&s=gateway&sprefix=laptops%2Caps%2C310&sr=8-60,599
"Lenovo Ideapad 330 Intel Core i3 6th Gen 15.6-inch HD Laptop (4GB RAM/1 TB HDD/DOS/Onyx Black/2.2 kg), 81DC00TFIN",/Lenovo-Ideapad-15-6-inch-Laptop-81DC00TFIN/dp/B07NVSW4LC/ref=sr_1_61?crid=15INFDM7Y2K5T&keywords=laptops+under+40000+rupees&qid=1559462468&s=gateway&sprefix=laptops%2Caps%2C310&sr=8-61,"24,990"
ADISA BP004 Navy Blue Light Weight 31 Ltrs Casual Laptop Backpack,/ADISA-BP004-Weight-Casual-Backpack/dp/B07G3CG9FC/ref=sr_1_62?crid=15INFDM7Y2K5T&keywords=laptops+under+40000+rupees&qid=1559462468&s=gateway&sprefix=laptops%2Caps%2C310&sr=8-62,599
Portronics POR-835 My Buddy Lite Foldable Laptop Stand (Silver),/Portronics-POR-835-Foldable-Laptop-Silver/dp/B0797TQFPB/ref=sr_1_63?crid=15INFDM7Y2K5T&keywords=laptops+under+40000+rupees&qid=1559462468&s=gateway&sprefix=laptops%2Caps%2C310&sr=8-63,739
"Sassie Leatherette 12 LTR Brown Office Bag, Laptop Briefase, Sling Bag, Messanger Bag & Laptop Bag",/Sassie-Leatherette-Office-Briefase-Messanger/dp/B07P8CPLZ8/ref=sr_1_64?crid=15INFDM7Y2K5T&keywords=laptops+under+40000+rupees&qid=1559462468&s=gateway&sprefix=laptops%2Caps%2C310&sr=8-64,563
"Smiley Dust Cleaner Brush, Cleaning Kit for all Electronic Products",/Smiley-Cleaner-Cleaning-Electronic-Products/dp/B01N250B5H/ref=sr_1_65?crid=15INFDM7Y2K5T&keywords=laptops+under+40000+rupees&qid=1559462468&s=gateway&sprefix=laptops%2Caps%2C310&sr=8-65,149
Tommy Hilfiger 19.53 Ltrs Navy Laptop Backpack (TH/BIKOL08HRP),/Tommy-Hilfiger-Backpack-TH-BIKOL08HRP/dp/B077S675P9/ref=sr_1_66?crid=15INFDM7Y2K5T&keywords=laptops+under+40000+rupees&qid=1559462468&s=gateway&sprefix=laptops%2Caps%2C310&sr=8-66,"1,075"
"Spincart 3 In 1 Screen Cleaning Kit For Laptops,Mobiles,LCD,LED,Computers,And TV",/Spincart-Cleaning-Laptops-Mobiles-Computers/dp/B078L52WTP/ref=sr_1_67?crid=15INFDM7Y2K5T&keywords=laptops+under+40000+rupees&qid=1559462472&s=gateway&sprefix=laptops%2Caps%2C310&sr=8-67,199
"HP 14 Core i3 7th Gen 14-inch FHD Laptop (4GB/1TB HDD/Win 10/Integrated Graphics/MS Office/Natural Silver/1.47 kg), 14s-cf0055tu",/HP-14-inch-Integrated-Graphics-14s-cf0055tu/dp/B07JL3HMKZ/ref=sr_1_68?crid=15INFDM7Y2K5T&keywords=laptops+under+40000+rupees&qid=1559462472&s=gateway&sprefix=laptops%2Caps%2C310&sr=8-68,"35,950"
"HP 15 Core i3 Laptop (4GB DDR4 RAM/1TB HDD/DOS/Jet Black/2.04 kg), 15q-ds0015TU",/HP-15q-ds0015TU-15-6-inch-i3-7020U-Integrated/dp/B07GB4HQL7/ref=sr_1_69?crid=15INFDM7Y2K5T&keywords=laptops+under+40000+rupees&qid=1559462472&s=gateway&sprefix=laptops%2Caps%2C310&sr=8-69,"28,490"
Callas Ventilated Height Adjustable Laptop Cooling Pad/Laptop Stand (Black),/Callas-Ventilated-Height-Adjustable-Cooling/dp/B07P71MTG2/ref=sr_1_70?crid=15INFDM7Y2K5T&keywords=laptops+under+40000+rupees&qid=1559462472&s=gateway&sprefix=laptops%2Caps%2C310&sr=8-70,699
"Cosmic Byte GS410 Headphones with Mic and for PS4, Xbox One, Laptop, PC, iPhone and Android Phones (Black/Green)",/Cosmic-Byte-GS410-Headphones-Green/dp/B07K7YR8SP/ref=sr_1_71?crid=15INFDM7Y2K5T&keywords=laptops+under+40000+rupees&qid=1559462472&s=gateway&sprefix=laptops%2Caps%2C310&sr=8-71,
HP Entry Level Backpack for Upto 15.6 Inch Laptops (F6Q97PA),/HP-Entry-Level-Backpack-Black/dp/B00JP2LK08/ref=sr_1_72?crid=15INFDM7Y2K5T&keywords=laptops+under+40000+rupees&qid=1559462472&s=gateway&sprefix=laptops%2Caps%2C310&sr=8-72,640
Crucial CT8G4SFS824A 8GB DDR4-2400 PC4-19200 CL-17 SODIMM RAM,/Crucial-8GB-DDR4-2400-SODIMM-CT8G4SFS824A/dp/B01BIWKP58/ref=sr_1_73?crid=15INFDM7Y2K5T&keywords=laptops+under+40000+rupees&qid=1559462472&s=gateway&sprefix=laptops%2Caps%2C310&sr=8-73,"2,800"
"Amputive Youlav Lapel lavalier Clip Microphone For Youtube voice recording, omnidirectional mic for Laptop Smartphones PC",/Amputive-Microphone-recording-omnidirectional-Smartphones/dp/B07QG1PZ3N/ref=sr_1_74?crid=15INFDM7Y2K5T&keywords=laptops+under+40000+rupees&qid=1559462472&s=gateway&sprefix=laptops%2Caps%2C310&sr=8-74,455
"Lenovo Ideapad 330 AMD A9 Processor 15.6-inch Laptop (4GB RAM/1TB HDD/2GB Graphics/DOS/Onyx Black/ 2.2kg), 81D600BXIN",/Lenovo-Processor-15-6-inch-Graphics-81D600BXIN/dp/B07HBGQVDF/ref=sr_1_75?crid=15INFDM7Y2K5T&keywords=laptops+under+40000+rupees&qid=1559462472&s=gateway&sprefix=laptops%2Caps%2C310&sr=8-75,"24,550"
Wesley Milestone 15.6 inch 25 L Casual Waterproof Laptop Backpack/Office Bag/School Bag/College Bag/Business Bag/Unisex Travel Backpack,/Wesley-Milestone-Waterproof-Backpack-Business/dp/B07K8KLB3P/ref=sr_1_76?crid=15INFDM7Y2K5T&keywords=laptops+under+40000+rupees&qid=1559462472&s=gateway&sprefix=laptops%2Caps%2C310&sr=8-76,485
"Mufubu Presents Get Unbarred 55 LTR Rucksack for Trekking, Hiking with Shoe Compartment",/Presents-Unbarred-Rucksack-Trekking-Compartment/dp/B07L4JHCW3/ref=sr_1_77?crid=15INFDM7Y2K5T&keywords=laptops+under+40000+rupees&qid=1559462472&s=gateway&sprefix=laptops%2Caps%2C310&sr=8-77,849
"Cero Iso Propyl Alcohol 99 Percent Pure [(Ch3)2-Ch-Oh] Cas: 67-63-0 (250ml), Clear",/Cero-Propyl-Alcohol-Percent-2-Ch-Oh/dp/B01FD6EMNG/ref=sr_1_78?crid=15INFDM7Y2K5T&keywords=laptops+under+40000+rupees&qid=1559462472&s=gateway&sprefix=laptops%2Caps%2C310&sr=8-78,209
Lenovo Ideapad 130 (Core i3 - 6th Gen/4 GB RAM/1 TB HDD/39.624 cm (15.6 inch)/DOS) 81H70051IN (Black 2.2 Kg) No ODD,/Lenovo-Ideapad-130-Core-81H70051IN/dp/B07J5FKHB6/ref=sr_1_79?crid=15INFDM7Y2K5T&keywords=laptops+under+40000+rupees&qid=1559462472&s=gateway&sprefix=laptops%2Caps%2C310&sr=8-79,"23,762"
Dell Vostro 3568 Intel Core i3 6th Gen 15.6-inch Laptop (4GB/1TB HDD/Windows 10 Home/MS Office/ Black/ 2.18 kg) (8X6J5),/Dell-Vostro-15-6-inch-Laptop-Windows/dp/B06Y3KJ2Z5/ref=sr_1_80?crid=15INFDM7Y2K5T&keywords=laptops+under+40000+rupees&qid=1559462472&s=gateway&sprefix=laptops%2Caps%2C310&sr=8-80,"30,500"
"Popsugar Polly Pocket Learning Laptop, Blue",/Popsugar-Polly-Pocket-Learning-Laptop/dp/B07NLCKX8B/ref=sr_1_81?crid=15INFDM7Y2K5T&keywords=laptops+under+40000+rupees&qid=1559462472&s=gateway&sprefix=laptops%2Caps%2C310&sr=8-81,299
Dell MS116 1000DPI USB Wired Optical Mouse,/Dell-MS116-1000DPI-Wired-Optical/dp/B01HJI0FS2/ref=sr_1_82?crid=15INFDM7Y2K5T&keywords=laptops+under+40000+rupees&qid=1559462472&s=gateway&sprefix=laptops%2Caps%2C310&sr=8-82,289
Dell MS116 1000DPI USB Wired Optical Mouse,/Dell-MS116-1000DPI-Wired-Optical/dp/B01HJI0FS2/ref=sr_1_83?crid=15INFDM7Y2K5T&keywords=laptops+under+40000+rupees&qid=1559462476&s=gateway&sprefix=laptops%2Caps%2C310&sr=8-83,289
"Chris & Kate Multi-use, Multi-Way Blue Laptop Bag, Messenger Bag, Backpack, Sling Bag, Shoulder Bag, Laptop Messenger Bag",/Chris-Kate-Multi-use-Multi-Way-Messenger/dp/B07L3YX6WT/ref=sr_1_84?crid=15INFDM7Y2K5T&keywords=laptops+under+40000+rupees&qid=1559462476&s=gateway&sprefix=laptops%2Caps%2C310&sr=8-84,899
"Popsugar Polly Pocket Learning Laptop, Blue",/Popsugar-Polly-Pocket-Learning-Laptop/dp/B07NLCKX8B/ref=sr_1_85?crid=15INFDM7Y2K5T&keywords=laptops+under+40000+rupees&qid=1559462476&s=gateway&sprefix=laptops%2Caps%2C310&sr=8-85,299
AmazonBasics 13.3-inch Laptop Sleeve (Grey),/AmazonBasics-13-3-inch-Laptop-Sleeve-Grey/dp/B011J4CEP4/ref=sr_1_86?crid=15INFDM7Y2K5T&keywords=laptops+under+40000+rupees&qid=1559462476&s=gateway&sprefix=laptops%2Caps%2C310&sr=8-86,649
Lenovo GX40Q17227 15.6-inch Casual Laptop Backpack (Grey),/Lenovo-Laptop-Backpack-15-6-Inch-GX40Q17227/dp/B075Y6SRMG/ref=sr_1_87?crid=15INFDM7Y2K5T&keywords=laptops+under+40000+rupees&qid=1559462476&s=gateway&sprefix=laptops%2Caps%2C310&sr=8-87,789
Official Merchandise CelfiDesign Radiate - Skin for Lenovo Thinkpad L440,/Official-Merchandise-CelfiDesign-Radiate-Thinkpad/dp/B07K46T99K/ref=sr_1_88?crid=15INFDM7Y2K5T&keywords=laptops+under+40000+rupees&qid=1559462476&s=gateway&sprefix=laptops%2Caps%2C310&sr=8-88,799
Generic Laptop 15.6 Inch Screen Guard,/Generic-Laptop-15-6-Screen-Guard/dp/B00ISVZPMG/ref=sr_1_89?crid=15INFDM7Y2K5T&keywords=laptops+under+40000+rupees&qid=1559462476&s=gateway&sprefix=laptops%2Caps%2C310&sr=8-89,155
"ASUS VivoBooK Intel Core i3 7th Gen 14-inch Thin and Light Laptop (4GB/1TB HDD/Windows 10/Stary Gray/1.55 Kg), X407UA-BV345T",/VivoBooK-14-inch-Laptop-Windows-X407UA-BV345T/dp/B07HBK27N2/ref=sr_1_90?crid=15INFDM7Y2K5T&keywords=laptops+under+40000+rupees&qid=1559462476&s=gateway&sprefix=laptops%2Caps%2C310&sr=8-90,"27,490"
N M Z Mini USB Vacuum Cleaner Brush Dust Cleaning Kit for Computer Keyboard PC Laptop,/Vacuum-Cleaner-Cleaning-Computer-Keyboard/dp/B07L2ZMQWJ/ref=sr_1_91?crid=15INFDM7Y2K5T&keywords=laptops+under+40000+rupees&qid=1559462476&s=gateway&sprefix=laptops%2Caps%2C310&sr=8-91,280
"Aeoss Felt Bedside Caddy Bedside Storage Organizer Bed Caddy for Remote Control, Tablet, Laptop, Glasses, Mobile Phone, Book, Magazines- with 4 Pockets (Black)",/Aeoss-Bedside-Storage-Organizer-Magazines/dp/B07N68874B/ref=sr_1_92?crid=15INFDM7Y2K5T&keywords=laptops+under+40000+rupees&qid=1559462476&s=gateway&sprefix=laptops%2Caps%2C310&sr=8-92,449
ADISA BP005 Navy Blue Light Weight 35 Ltrs Casual Laptop Backpack,/ADISA-BP005-Weight-Casual-Backpack/dp/B07F3X45WZ/ref=sr_1_93?crid=15INFDM7Y2K5T&keywords=laptops+under+40000+rupees&qid=1559462476&s=gateway&sprefix=laptops%2Caps%2C310&sr=8-93,599
Starboy Premium Design Polyester Laptop Bag - 15.6 Inch,/Starboy-Premium-Design-Polyester-Laptop/dp/B07P6FY9QD/ref=sr_1_94?crid=15INFDM7Y2K5T&keywords=laptops+under+40000+rupees&qid=1559462476&s=gateway&sprefix=laptops%2Caps%2C310&sr=8-94,850
Deals Outlet Anti Theft Backpack with USB Charging Port 15.6 Inch Laptop Bagpack Waterproof Casual Unisex Bag for School College Office Suitable for Men Women (Black),/Deals-Outlet-Backpack-Charging-Waterproof/dp/B07PPD5C7R/ref=sr_1_95?crid=15INFDM7Y2K5T&keywords=laptops+under+40000+rupees&qid=1559462476&s=gateway&sprefix=laptops%2Caps%2C310&sr=8-95,"1,099"
"Dell Inspiron 15 AMD E2-9000 7th Gen (4GB/1TB/Windows 10 / with Pre Loaded MS Office/Integrated Graphics/Black), 15 Inch 3565",/Dell-Inspiron-3565-Integrated-Preloaded/dp/B078W4KJXK/ref=sr_1_96?crid=15INFDM7Y2K5T&keywords=laptops+under+40000+rupees&qid=1559462476&s=gateway&sprefix=laptops%2Caps%2C310&sr=8-96,"25,989"
Clublaptop Reversible 15.6-inch Laptop Sleeve,/Clublaptop-Reversible-15-6-inch-Laptop-Sleeve/dp/B00C3GBCIS/ref=sr_1_97?crid=15INFDM7Y2K5T&keywords=laptops+under+40000+rupees&qid=1559462476&s=gateway&sprefix=laptops%2Caps%2C310&sr=8-97,89
AmazonBasics Laptop Stand (Black)- Suitable for laptops up to 14 inches,/AmazonBasics-Laptop-Suitable-laptops-inches/dp/B00WRDRRWW/ref=sr_1_98?crid=15INFDM7Y2K5T&keywords=laptops+under+40000+rupees&qid=1559462476&s=gateway&sprefix=laptops%2Caps%2C310&sr=8-98,799
"Lenovo Ideapad 130 Intel Core I3 6th Gen 15.6-inch HD Laptop ( 4GB RAM / 1TB HDD / DOS / 2GB MX110 Graphics / Black / 2.1Kg ), 81H70056IN",/Lenovo-Processor-15-6-inch-Graphics-81H70056IN/dp/B07HBCSV3Q/ref=sr_1_99?crid=15INFDM7Y2K5T&keywords=laptops+under+40000+rupees&qid=1559462480&s=gateway&sprefix=laptops%2Caps%2C310&sr=8-99,"27,430"
"Bespeco LPS100 Laptop and Projector Stand, Black",/Bespeco-LPS100-Laptop-Projector-Stand/dp/B00M7XHJKC/ref=sr_1_100?crid=15INFDM7Y2K5T&keywords=laptops+under+40000+rupees&qid=1559462480&s=gateway&sprefix=laptops%2Caps%2C310&sr=8-100,
"Lenovo Ideapad 330 Intel Core I3 7th Gen 15.6-inch HD Laptop (4GB RAM/1TB HDD/DOS/Platinum Grey/2.2Kg),81DE00GFIN",/Lenovo-330-15IKB-81DE00GFIN-15-6-inch-Integrated/dp/B07DXCR36Q/ref=sr_1_101?crid=15INFDM7Y2K5T&keywords=laptops+under+40000+rupees&qid=1559462480&s=gateway&sprefix=laptops%2Caps%2C310&sr=8-101,"27,490"
"Lenovo Ideapad 330 Intel Core i3 7th Gen 15.6-inch Full HD Laptop (4GB RAM/1 TB HDD/Windows 10 Home/MS Office H&S 2016/Onyx Black/2.2 kg/with DVD Drive), 81DC00NDIN",/Lenovo-Ideapad-15-6-inch-Windows-81DC00NDIN/dp/B07KYN4MPT/ref=sr_1_102?crid=15INFDM7Y2K5T&keywords=laptops+under+40000+rupees&qid=1559462480&s=gateway&sprefix=laptops%2Caps%2C310&sr=8-102,"30,990"
